-- phpMyAdmin SQL Dump
-- version 4.5.1
-- http://www.phpmyadmin.net
--
-- Host: 127.0.0.1
-- Generation Time: Apr 11, 2016 at 10:39 PM
-- Server version: 10.1.10-MariaDB
-- PHP Version: 5.6.15

SET SQL_MODE = "NO_AUTO_VALUE_ON_ZERO";
SET time_zone = "+00:00";


/*!40101 SET @OLD_CHARACTER_SET_CLIENT=@@CHARACTER_SET_CLIENT */;
/*!40101 SET @OLD_CHARACTER_SET_RESULTS=@@CHARACTER_SET_RESULTS */;
/*!40101 SET @OLD_COLLATION_CONNECTION=@@COLLATION_CONNECTION */;
/*!40101 SET NAMES utf8mb4 */;

--
-- Database: `last1`
--

-- --------------------------------------------------------

--
-- Table structure for table `course`
--

CREATE TABLE `course` (
  `course_id` int(10) NOT NULL,
  `course_yrSec` varchar(20) NOT NULL,
  `dept_id` tinyint(4) NOT NULL,
  `major` varchar(50) NOT NULL
) ENGINE=InnoDB DEFAULT CHARSET=latin1;

--
-- Dumping data for table `course`
--

INSERT INTO `course` (`course_id`, `course_yrSec`, `dept_id`, `major`) VALUES
(6, 'BSIM4b', 2, ''),
(7, 'BSED1a', 1, 'Math'),
(13, 'BSED 2a', 1, 'Math'),
(18, 'BSIT3D', 2, 'Electrical'),
(19, 'BSCE 1a', 2, ''),
(20, 'BSHRM 2a', 2, ''),
(21, 'BSED 3a', 1, 'Math'),
(22, 'BSED 4a', 1, 'Math'),
(23, 'BEED 1a', 1, 'HELE'),
(24, 'BEED 2a', 1, 'HELE'),
(25, 'BEED 3a', 1, 'HELE'),
(26, 'BEED 4a', 1, 'HELE'),
(31, 'BSIT3A', 2, ''),
(32, 'BSIT3B', 2, ''),
(33, 'BSIT3C', 2, ''),
(34, 'BSIT3E', 2, ''),
(35, 'AIT2A', 2, ''),
(36, 'AIT2B', 2, ''),
(37, 'AIT2C', 2, ''),
(38, 'AIT2D', 2, ''),
(39, 'AIT2E', 2, ''),
(40, 'BSIS1a', 2, ''),
(41, 'BSIS1b', 2, ''),
(42, 'BSIS1c', 2, ''),
(43, 'BSIS1d', 2, ''),
(44, 'BSIS2A', 2, ''),
(45, 'BSIS2B', 2, ''),
(46, 'BSIS3A', 2, ''),
(47, 'BSIS3B', 2, ''),
(48, 'BSIS4A', 2, 'CSE');

-- --------------------------------------------------------

--
-- Table structure for table `day`
--

CREATE TABLE `day` (
  `day_id` int(10) NOT NULL,
  `day_name` text NOT NULL
) ENGINE=InnoDB DEFAULT CHARSET=latin1;

--
-- Dumping data for table `day`
--

INSERT INTO `day` (`day_id`, `day_name`) VALUES
(1, 'Monday'),
(2, 'Tuesday'),
(3, 'Wednesday'),
(4, 'Thursday'),
(5, 'Friday');

-- --------------------------------------------------------

--
-- Table structure for table `dept`
--

CREATE TABLE `dept` (
  `dept_id` tinyint(5) NOT NULL,
  `department` varchar(70) NOT NULL,
  `dept_person` varchar(30) NOT NULL,
  `title` varchar(30) NOT NULL
) ENGINE=InnoDB DEFAULT CHARSET=latin1;

--
-- Dumping data for table `dept`
--

INSERT INTO `dept` (`dept_id`, `department`, `dept_person`, `title`) VALUES
(1, 'CSE', 'Dr. Binales', 'Dean'),
(2, 'EE', 'Dr. Sobrepena', 'Dean, CIT'),
(3, 'SS', 'Ms. Tejada', 'Dean'),
(6, 'Maths', 'ABV', 'SS');

-- --------------------------------------------------------

--
-- Table structure for table `profile`
--

CREATE TABLE `profile` (
  `teacher_id` int(5) NOT NULL,
  `teacher_name` text NOT NULL,
  `acad_rank` varchar(30) NOT NULL,
  `designation` varchar(30) NOT NULL,
  `dept_id` int(4) NOT NULL,
  `userpass` varchar(40) NOT NULL
) ENGINE=InnoDB DEFAULT CHARSET=latin1;

--
-- Dumping data for table `profile`
--

INSERT INTO `profile` (`teacher_id`, `teacher_name`, `acad_rank`, `designation`, `dept_id`, `userpass`) VALUES
(1, 'Ms. Cristine Redoblo', 'Instructor 1', '', 2, 'cr'),
(2, 'Mr. Ian Cuello', '', '', 2, 'ic'),
(3, 'Ms. Elvie Samson', '', '', 1, 'es'),
(4, 'Mrs. Gaitan', '', '', 2, 'g'),
(5, 'Mr. Ian Besina', '', '', 3, 'ib'),
(6, 'Mr. Albert M. Monge', '', '', 2, 'am'),
(7, 'Mr. A Cabrera', '', '', 2, 'AC'),
(8, 'Mr. R. Cadagat', '', '', 2, 'rc'),
(9, 'Teacher X', '', '', 2, 'ta'),
(10, 'Teacher Y', '', '', 2, 'ty'),
(11, 'Teacher A', '', '', 2, 'ta'),
(12, 'Mr. Joemar Pabuaya ', '', '', 2, 'jp'),
(13, 'Ms. A. Arandilla ', '', '', 2, 'aa'),
(14, 'Mr. G. Gumata', '', '', 2, 'gg'),
(15, 'Teacher B ', '', '', 2, 'tb'),
(16, 'samar', '1', 'ap', 3, 'sam');

-- --------------------------------------------------------

--
-- Table structure for table `room`
--

CREATE TABLE `room` (
  `room_id` int(10) NOT NULL,
  `room_name` varchar(20) NOT NULL,
  `room_desc` varchar(30) NOT NULL,
  `room_isNKN` int(10) NOT NULL DEFAULT '0',
  `room_size` int(100) NOT NULL
) ENGINE=InnoDB DEFAULT CHARSET=latin1;

--
-- Dumping data for table `room`
--

INSERT INTO `room` (`room_id`, `room_name`, `room_desc`, `room_isNKN`, `room_size`) VALUES
(1, 'Room 312', 'Computer Lab', 1, 100),
(2, 'Room 311', 'Computer Lab', 1, 120),
(3, 'Room 316', 'Lecture Room', 1, 100),
(4, 'Room 217', 'Lecture Room', 0, 120),
(5, 'Room 314', 'Lecture Room', 1, 60),
(6, 'Room 401', 'Lecture Room', 0, 40),
(7, 'Room 402', 'Computer Lab', 1, 80),
(8, 'Room 313', 'Computer Laboratory', 0, 70),
(9, '2102', 'class I', 1, 150),
(10, 'Room400', 'Conference Room', 1, 200),
(11, 'S1', 'Conference Room', 1, 120);

-- --------------------------------------------------------

--
-- Table structure for table `sched`
--

CREATE TABLE `sched` (
  `sched_id` int(10) NOT NULL,
  `room_id` int(10) NOT NULL,
  `course_id` int(5) NOT NULL,
  `sub_id` int(10) NOT NULL,
  `teacher_id` int(10) NOT NULL,
  `time_s_id` int(10) NOT NULL,
  `time_e_id` int(10) NOT NULL,
  `day_id` int(10) NOT NULL,
  `sem_id` int(10) NOT NULL,
  `year_id` int(10) NOT NULL,
  `dept_id` tinyint(4) NOT NULL,
  `group_name` varchar(100) NOT NULL
) ENGINE=InnoDB DEFAULT CHARSET=latin1;

--
-- Dumping data for table `sched`
--

INSERT INTO `sched` (`sched_id`, `room_id`, `course_id`, `sub_id`, `teacher_id`, `time_s_id`, `time_e_id`, `day_id`, `sem_id`, `year_id`, `dept_id`, `group_name`) VALUES
(84245, 1, 0, 4, 14, 1, 2, 1, 0, 0, 0, '31'),
(84246, 1, 0, -1, -1, 2, 3, 1, 0, 0, 0, '-1'),
(84247, 1, 0, 7, 7, 3, 4, 1, 0, 0, 0, '6'),
(84248, 1, 0, -1, -1, 4, 5, 1, 0, 0, 0, '-1'),
(84249, 1, 0, -1, -1, 5, 6, 1, 0, 0, 0, '-1'),
(84250, 1, 0, -1, -1, 6, 7, 1, 0, 0, 0, '-1'),
(84251, 1, 0, 5, 15, 7, 8, 1, 0, 0, 0, '12'),
(84252, 1, 0, -1, -1, 8, 9, 1, 0, 0, 0, '-1'),
(84253, 1, 0, -1, -1, 9, 10, 1, 0, 0, 0, '-1'),
(84254, 1, 0, -1, -1, 10, 11, 1, 0, 0, 0, '-1'),
(84255, 1, 0, -1, -1, 11, 12, 1, 0, 0, 0, '-1'),
(84256, 1, 0, -1, -1, 12, 13, 1, 0, 0, 0, '-1'),
(84257, 2, 0, -1, -1, 1, 2, 1, 0, 0, 0, '-1'),
(84258, 2, 0, -1, -1, 2, 3, 1, 0, 0, 0, '-1'),
(84259, 2, 0, -1, -1, 3, 4, 1, 0, 0, 0, '-1'),
(84260, 2, 0, -1, -1, 4, 5, 1, 0, 0, 0, '-1'),
(84261, 2, 0, -1, -1, 5, 6, 1, 0, 0, 0, '-1'),
(84262, 2, 0, -1, -1, 6, 7, 1, 0, 0, 0, '-1'),
(84263, 2, 0, -1, -1, 7, 8, 1, 0, 0, 0, '-1'),
(84264, 2, 0, -1, -1, 8, 9, 1, 0, 0, 0, '-1'),
(84265, 2, 0, -1, -1, 9, 10, 1, 0, 0, 0, '-1'),
(84266, 2, 0, -1, -1, 10, 11, 1, 0, 0, 0, '-1'),
(84267, 2, 0, -1, -1, 11, 12, 1, 0, 0, 0, '-1'),
(84268, 2, 0, -1, -1, 12, 13, 1, 0, 0, 0, '-1'),
(84269, 3, 0, -1, -1, 1, 2, 1, 0, 0, 0, '-1'),
(84270, 3, 0, -1, -1, 2, 3, 1, 0, 0, 0, '-1'),
(84271, 3, 0, -1, -1, 3, 4, 1, 0, 0, 0, '-1'),
(84272, 3, 0, -1, -1, 4, 5, 1, 0, 0, 0, '-1'),
(84273, 3, 0, -1, -1, 5, 6, 1, 0, 0, 0, '-1'),
(84274, 3, 0, -1, -1, 6, 7, 1, 0, 0, 0, '-1'),
(84275, 3, 0, -1, -1, 7, 8, 1, 0, 0, 0, '-1'),
(84276, 3, 0, -1, -1, 8, 9, 1, 0, 0, 0, '-1'),
(84277, 3, 0, -1, -1, 9, 10, 1, 0, 0, 0, '-1'),
(84278, 3, 0, -1, -1, 10, 11, 1, 0, 0, 0, '-1'),
(84279, 3, 0, -1, -1, 11, 12, 1, 0, 0, 0, '-1'),
(84280, 3, 0, -1, -1, 12, 13, 1, 0, 0, 0, '-1'),
(84281, 4, 0, -1, -1, 1, 2, 1, 0, 0, 0, '-1'),
(84282, 4, 0, -1, -1, 2, 3, 1, 0, 0, 0, '-1'),
(84283, 4, 0, 9, 1, 3, 4, 1, 0, 0, 0, '2'),
(84284, 4, 0, -1, -1, 4, 5, 1, 0, 0, 0, '-1'),
(84285, 4, 0, -1, -1, 5, 6, 1, 0, 0, 0, '-1'),
(84286, 4, 0, -1, -1, 6, 7, 1, 0, 0, 0, '-1'),
(84287, 4, 0, -1, -1, 7, 8, 1, 0, 0, 0, '-1'),
(84288, 4, 0, -1, -1, 8, 9, 1, 0, 0, 0, '-1'),
(84289, 4, 0, -1, -1, 9, 10, 1, 0, 0, 0, '-1'),
(84290, 4, 0, -1, -1, 10, 11, 1, 0, 0, 0, '-1'),
(84291, 4, 0, -1, -1, 11, 12, 1, 0, 0, 0, '-1'),
(84292, 4, 0, -1, -1, 12, 13, 1, 0, 0, 0, '-1'),
(84293, 5, 0, -1, -1, 1, 2, 1, 0, 0, 0, '-1'),
(84294, 5, 0, -1, -1, 2, 3, 1, 0, 0, 0, '-1'),
(84295, 5, 0, -1, -1, 3, 4, 1, 0, 0, 0, '-1'),
(84296, 5, 0, -1, -1, 4, 5, 1, 0, 0, 0, '-1'),
(84297, 5, 0, -1, -1, 5, 6, 1, 0, 0, 0, '-1'),
(84298, 5, 0, -1, -1, 6, 7, 1, 0, 0, 0, '-1'),
(84299, 5, 0, 4, 14, 7, 8, 1, 0, 0, 0, '31'),
(84300, 5, 0, -1, -1, 8, 9, 1, 0, 0, 0, '-1'),
(84301, 5, 0, -1, -1, 9, 10, 1, 0, 0, 0, '-1'),
(84302, 5, 0, -1, -1, 10, 11, 1, 0, 0, 0, '-1'),
(84303, 5, 0, -1, -1, 11, 12, 1, 0, 0, 0, '-1'),
(84304, 5, 0, -1, -1, 12, 13, 1, 0, 0, 0, '-1'),
(84305, 6, 0, -1, -1, 1, 2, 1, 0, 0, 0, '-1'),
(84306, 6, 0, -1, -1, 2, 3, 1, 0, 0, 0, '-1'),
(84307, 6, 0, -1, -1, 3, 4, 1, 0, 0, 0, '-1'),
(84308, 6, 0, -1, -1, 4, 5, 1, 0, 0, 0, '-1'),
(84309, 6, 0, -1, -1, 5, 6, 1, 0, 0, 0, '-1'),
(84310, 6, 0, -1, -1, 6, 7, 1, 0, 0, 0, '-1'),
(84311, 6, 0, -1, -1, 7, 8, 1, 0, 0, 0, '-1'),
(84312, 6, 0, -1, -1, 8, 9, 1, 0, 0, 0, '-1'),
(84313, 6, 0, -1, -1, 9, 10, 1, 0, 0, 0, '-1'),
(84314, 6, 0, -1, -1, 10, 11, 1, 0, 0, 0, '-1'),
(84315, 6, 0, -1, -1, 11, 12, 1, 0, 0, 0, '-1'),
(84316, 6, 0, -1, -1, 12, 13, 1, 0, 0, 0, '-1'),
(84317, 7, 0, -1, -1, 1, 2, 1, 0, 0, 0, '-1'),
(84318, 7, 0, -1, -1, 2, 3, 1, 0, 0, 0, '-1'),
(84319, 7, 0, -1, -1, 3, 4, 1, 0, 0, 0, '-1'),
(84320, 7, 0, -1, -1, 4, 5, 1, 0, 0, 0, '-1'),
(84321, 7, 0, -1, -1, 5, 6, 1, 0, 0, 0, '-1'),
(84322, 7, 0, -1, -1, 6, 7, 1, 0, 0, 0, '-1'),
(84323, 7, 0, -1, -1, 7, 8, 1, 0, 0, 0, '-1'),
(84324, 7, 0, 2, 12, 8, 9, 1, 0, 0, 0, '41'),
(84325, 7, 0, -1, -1, 9, 10, 1, 0, 0, 0, '-1'),
(84326, 7, 0, -1, -1, 10, 11, 1, 0, 0, 0, '-1'),
(84327, 7, 0, -1, -1, 11, 12, 1, 0, 0, 0, '-1'),
(84328, 7, 0, -1, -1, 12, 13, 1, 0, 0, 0, '-1'),
(84329, 8, 0, -1, -1, 1, 2, 1, 0, 0, 0, '-1'),
(84330, 8, 0, -1, -1, 2, 3, 1, 0, 0, 0, '-1'),
(84331, 8, 0, -1, -1, 3, 4, 1, 0, 0, 0, '-1'),
(84332, 8, 0, -1, -1, 4, 5, 1, 0, 0, 0, '-1'),
(84333, 8, 0, -1, -1, 5, 6, 1, 0, 0, 0, '-1'),
(84334, 8, 0, -1, -1, 6, 7, 1, 0, 0, 0, '-1'),
(84335, 8, 0, -1, -1, 7, 8, 1, 0, 0, 0, '-1'),
(84336, 8, 0, -1, -1, 8, 9, 1, 0, 0, 0, '-1'),
(84337, 8, 0, -1, -1, 9, 10, 1, 0, 0, 0, '-1'),
(84338, 8, 0, -1, -1, 10, 11, 1, 0, 0, 0, '-1'),
(84339, 8, 0, -1, -1, 11, 12, 1, 0, 0, 0, '-1'),
(84340, 8, 0, -1, -1, 12, 13, 1, 0, 0, 0, '-1'),
(84341, 9, 0, -1, -1, 1, 2, 1, 0, 0, 0, '-1'),
(84342, 9, 0, -1, -1, 2, 3, 1, 0, 0, 0, '-1'),
(84343, 9, 0, -1, -1, 3, 4, 1, 0, 0, 0, '-1'),
(84344, 9, 0, -1, -1, 4, 5, 1, 0, 0, 0, '-1'),
(84345, 9, 0, -1, -1, 5, 6, 1, 0, 0, 0, '-1'),
(84346, 9, 0, -1, -1, 6, 7, 1, 0, 0, 0, '-1'),
(84347, 9, 0, -1, -1, 7, 8, 1, 0, 0, 0, '-1'),
(84348, 9, 0, -1, -1, 8, 9, 1, 0, 0, 0, '-1'),
(84349, 9, 0, -1, -1, 9, 10, 1, 0, 0, 0, '-1'),
(84350, 9, 0, -1, -1, 10, 11, 1, 0, 0, 0, '-1'),
(84351, 9, 0, -1, -1, 11, 12, 1, 0, 0, 0, '-1'),
(84352, 9, 0, -1, -1, 12, 13, 1, 0, 0, 0, '-1'),
(84353, 10, 0, -1, -1, 1, 2, 1, 0, 0, 0, '-1'),
(84354, 10, 0, -1, -1, 2, 3, 1, 0, 0, 0, '-1'),
(84355, 10, 0, -1, -1, 3, 4, 1, 0, 0, 0, '-1'),
(84356, 10, 0, -1, -1, 4, 5, 1, 0, 0, 0, '-1'),
(84357, 10, 0, 7, 7, 5, 6, 1, 0, 0, 0, '6'),
(84358, 10, 0, -1, -1, 6, 7, 1, 0, 0, 0, '-1'),
(84359, 10, 0, -1, -1, 7, 8, 1, 0, 0, 0, '-1'),
(84360, 10, 0, 11, 13, 8, 9, 1, 0, 0, 0, '13'),
(84361, 10, 0, -1, -1, 9, 10, 1, 0, 0, 0, '-1'),
(84362, 10, 0, -1, -1, 10, 11, 1, 0, 0, 0, '-1'),
(84363, 10, 0, -1, -1, 11, 12, 1, 0, 0, 0, '-1'),
(84364, 10, 0, -1, -1, 12, 13, 1, 0, 0, 0, '-1'),
(84365, 11, 0, -1, -1, 1, 2, 1, 0, 0, 0, '-1'),
(84366, 11, 0, -1, -1, 2, 3, 1, 0, 0, 0, '-1'),
(84367, 11, 0, -1, -1, 3, 4, 1, 0, 0, 0, '-1'),
(84368, 11, 0, -1, -1, 4, 5, 1, 0, 0, 0, '-1'),
(84369, 11, 0, -1, -1, 5, 6, 1, 0, 0, 0, '-1'),
(84370, 11, 0, -1, -1, 6, 7, 1, 0, 0, 0, '-1'),
(84371, 11, 0, -1, -1, 7, 8, 1, 0, 0, 0, '-1'),
(84372, 11, 0, -1, -1, 8, 9, 1, 0, 0, 0, '-1'),
(84373, 11, 0, -1, -1, 9, 10, 1, 0, 0, 0, '-1'),
(84374, 11, 0, -1, -1, 10, 11, 1, 0, 0, 0, '-1'),
(84375, 11, 0, -1, -1, 11, 12, 1, 0, 0, 0, '-1'),
(84376, 11, 0, -1, -1, 12, 13, 1, 0, 0, 0, '-1'),
(84377, 1, 0, -1, -1, 1, 2, 2, 0, 0, 0, '-1'),
(84378, 1, 0, -1, -1, 2, 3, 2, 0, 0, 0, '-1'),
(84379, 1, 0, -1, -1, 3, 4, 2, 0, 0, 0, '-1'),
(84380, 1, 0, -1, -1, 4, 5, 2, 0, 0, 0, '-1'),
(84381, 1, 0, -1, -1, 5, 6, 2, 0, 0, 0, '-1'),
(84382, 1, 0, -1, -1, 6, 7, 2, 0, 0, 0, '-1'),
(84383, 1, 0, -1, -1, 7, 8, 2, 0, 0, 0, '-1'),
(84384, 1, 0, -1, -1, 8, 9, 2, 0, 0, 0, '-1'),
(84385, 1, 0, -1, -1, 9, 10, 2, 0, 0, 0, '-1'),
(84386, 1, 0, -1, -1, 10, 11, 2, 0, 0, 0, '-1'),
(84387, 1, 0, 10, 5, 11, 12, 2, 0, 0, 0, '3'),
(84388, 1, 0, -1, -1, 12, 13, 2, 0, 0, 0, '-1'),
(84389, 2, 0, -1, -1, 1, 2, 2, 0, 0, 0, '-1'),
(84390, 2, 0, 6, 16, 2, 3, 2, 0, 0, 0, '21'),
(84391, 2, 0, -1, -1, 3, 4, 2, 0, 0, 0, '-1'),
(84392, 2, 0, -1, -1, 4, 5, 2, 0, 0, 0, '-1'),
(84393, 2, 0, -1, -1, 5, 6, 2, 0, 0, 0, '-1'),
(84394, 2, 0, -1, -1, 6, 7, 2, 0, 0, 0, '-1'),
(84395, 2, 0, 11, 13, 7, 8, 2, 0, 0, 0, '13'),
(84396, 2, 0, -1, -1, 8, 9, 2, 0, 0, 0, '-1'),
(84397, 2, 0, -1, -1, 9, 10, 2, 0, 0, 0, '-1'),
(84398, 2, 0, 6, 16, 10, 11, 2, 0, 0, 0, '21'),
(84399, 2, 0, 12, 16, 11, 12, 2, 0, 0, 0, '22'),
(84400, 2, 0, -1, -1, 12, 13, 2, 0, 0, 0, '-1'),
(84401, 3, 0, -1, -1, 1, 2, 2, 0, 0, 0, '-1'),
(84402, 3, 0, -1, -1, 2, 3, 2, 0, 0, 0, '-1'),
(84403, 3, 0, -1, -1, 3, 4, 2, 0, 0, 0, '-1'),
(84404, 3, 0, -1, -1, 4, 5, 2, 0, 0, 0, '-1'),
(84405, 3, 0, 9, 1, 5, 6, 2, 0, 0, 0, '2'),
(84406, 3, 0, -1, -1, 6, 7, 2, 0, 0, 0, '-1'),
(84407, 3, 0, -1, -1, 7, 8, 2, 0, 0, 0, '-1'),
(84408, 3, 0, -1, -1, 8, 9, 2, 0, 0, 0, '-1'),
(84409, 3, 0, -1, -1, 9, 10, 2, 0, 0, 0, '-1'),
(84410, 3, 0, -1, -1, 10, 11, 2, 0, 0, 0, '-1'),
(84411, 3, 0, -1, -1, 11, 12, 2, 0, 0, 0, '-1'),
(84412, 3, 0, -1, -1, 12, 13, 2, 0, 0, 0, '-1'),
(84413, 4, 0, -1, -1, 1, 2, 2, 0, 0, 0, '-1'),
(84414, 4, 0, -1, -1, 2, 3, 2, 0, 0, 0, '-1'),
(84415, 4, 0, -1, -1, 3, 4, 2, 0, 0, 0, '-1'),
(84416, 4, 0, -1, -1, 4, 5, 2, 0, 0, 0, '-1'),
(84417, 4, 0, -1, -1, 5, 6, 2, 0, 0, 0, '-1'),
(84418, 4, 0, -1, -1, 6, 7, 2, 0, 0, 0, '-1'),
(84419, 4, 0, -1, -1, 7, 8, 2, 0, 0, 0, '-1'),
(84420, 4, 0, -1, -1, 8, 9, 2, 0, 0, 0, '-1'),
(84421, 4, 0, -1, -1, 9, 10, 2, 0, 0, 0, '-1'),
(84422, 4, 0, -1, -1, 10, 11, 2, 0, 0, 0, '-1'),
(84423, 4, 0, -1, -1, 11, 12, 2, 0, 0, 0, '-1'),
(84424, 4, 0, -1, -1, 12, 13, 2, 0, 0, 0, '-1'),
(84425, 5, 0, -1, -1, 1, 2, 2, 0, 0, 0, '-1'),
(84426, 5, 0, -1, -1, 2, 3, 2, 0, 0, 0, '-1'),
(84427, 5, 0, -1, -1, 3, 4, 2, 0, 0, 0, '-1'),
(84428, 5, 0, -1, -1, 4, 5, 2, 0, 0, 0, '-1'),
(84429, 5, 0, -1, -1, 5, 6, 2, 0, 0, 0, '-1'),
(84430, 5, 0, -1, -1, 6, 7, 2, 0, 0, 0, '-1'),
(84431, 5, 0, -1, -1, 7, 8, 2, 0, 0, 0, '-1'),
(84432, 5, 0, -1, -1, 8, 9, 2, 0, 0, 0, '-1'),
(84433, 5, 0, -1, -1, 9, 10, 2, 0, 0, 0, '-1'),
(84434, 5, 0, -1, -1, 10, 11, 2, 0, 0, 0, '-1'),
(84435, 5, 0, -1, -1, 11, 12, 2, 0, 0, 0, '-1'),
(84436, 5, 0, -1, -1, 12, 13, 2, 0, 0, 0, '-1'),
(84437, 6, 0, -1, -1, 1, 2, 2, 0, 0, 0, '-1'),
(84438, 6, 0, -1, -1, 2, 3, 2, 0, 0, 0, '-1'),
(84439, 6, 0, -1, -1, 3, 4, 2, 0, 0, 0, '-1'),
(84440, 6, 0, -1, -1, 4, 5, 2, 0, 0, 0, '-1'),
(84441, 6, 0, -1, -1, 5, 6, 2, 0, 0, 0, '-1'),
(84442, 6, 0, -1, -1, 6, 7, 2, 0, 0, 0, '-1'),
(84443, 6, 0, -1, -1, 7, 8, 2, 0, 0, 0, '-1'),
(84444, 6, 0, -1, -1, 8, 9, 2, 0, 0, 0, '-1'),
(84445, 6, 0, -1, -1, 9, 10, 2, 0, 0, 0, '-1'),
(84446, 6, 0, -1, -1, 10, 11, 2, 0, 0, 0, '-1'),
(84447, 6, 0, -1, -1, 11, 12, 2, 0, 0, 0, '-1'),
(84448, 6, 0, -1, -1, 12, 13, 2, 0, 0, 0, '-1'),
(84449, 7, 0, -1, -1, 1, 2, 2, 0, 0, 0, '-1'),
(84450, 7, 0, -1, -1, 2, 3, 2, 0, 0, 0, '-1'),
(84451, 7, 0, -1, -1, 3, 4, 2, 0, 0, 0, '-1'),
(84452, 7, 0, -1, -1, 4, 5, 2, 0, 0, 0, '-1'),
(84453, 7, 0, -1, -1, 5, 6, 2, 0, 0, 0, '-1'),
(84454, 7, 0, -1, -1, 6, 7, 2, 0, 0, 0, '-1'),
(84455, 7, 0, 14, 14, 7, 8, 2, 0, 0, 0, '24'),
(84456, 7, 0, -1, -1, 8, 9, 2, 0, 0, 0, '-1'),
(84457, 7, 0, -1, -1, 9, 10, 2, 0, 0, 0, '-1'),
(84458, 7, 0, -1, -1, 10, 11, 2, 0, 0, 0, '-1'),
(84459, 7, 0, -1, -1, 11, 12, 2, 0, 0, 0, '-1'),
(84460, 7, 0, -1, -1, 12, 13, 2, 0, 0, 0, '-1'),
(84461, 8, 0, -1, -1, 1, 2, 2, 0, 0, 0, '-1'),
(84462, 8, 0, -1, -1, 2, 3, 2, 0, 0, 0, '-1'),
(84463, 8, 0, -1, -1, 3, 4, 2, 0, 0, 0, '-1'),
(84464, 8, 0, -1, -1, 4, 5, 2, 0, 0, 0, '-1'),
(84465, 8, 0, -1, -1, 5, 6, 2, 0, 0, 0, '-1'),
(84466, 8, 0, -1, -1, 6, 7, 2, 0, 0, 0, '-1'),
(84467, 8, 0, -1, -1, 7, 8, 2, 0, 0, 0, '-1'),
(84468, 8, 0, -1, -1, 8, 9, 2, 0, 0, 0, '-1'),
(84469, 8, 0, -1, -1, 9, 10, 2, 0, 0, 0, '-1'),
(84470, 8, 0, -1, -1, 10, 11, 2, 0, 0, 0, '-1'),
(84471, 8, 0, 9, 1, 11, 12, 2, 0, 0, 0, '2'),
(84472, 8, 0, -1, -1, 12, 13, 2, 0, 0, 0, '-1'),
(84473, 9, 0, -1, -1, 1, 2, 2, 0, 0, 0, '-1'),
(84474, 9, 0, -1, -1, 2, 3, 2, 0, 0, 0, '-1'),
(84475, 9, 0, -1, -1, 3, 4, 2, 0, 0, 0, '-1'),
(84476, 9, 0, -1, -1, 4, 5, 2, 0, 0, 0, '-1'),
(84477, 9, 0, -1, -1, 5, 6, 2, 0, 0, 0, '-1'),
(84478, 9, 0, 6, 16, 6, 7, 2, 0, 0, 0, '21'),
(84479, 9, 0, -1, -1, 7, 8, 2, 0, 0, 0, '-1'),
(84480, 9, 0, -1, -1, 8, 9, 2, 0, 0, 0, '-1'),
(84481, 9, 0, -1, -1, 9, 10, 2, 0, 0, 0, '-1'),
(84482, 9, 0, -1, -1, 10, 11, 2, 0, 0, 0, '-1'),
(84483, 9, 0, -1, -1, 11, 12, 2, 0, 0, 0, '-1'),
(84484, 9, 0, -1, -1, 12, 13, 2, 0, 0, 0, '-1'),
(84485, 10, 0, 5, 15, 1, 2, 2, 0, 0, 0, '12'),
(84486, 10, 0, -1, -1, 2, 3, 2, 0, 0, 0, '-1'),
(84487, 10, 0, -1, -1, 3, 4, 2, 0, 0, 0, '-1'),
(84488, 10, 0, -1, -1, 4, 5, 2, 0, 0, 0, '-1'),
(84489, 10, 0, -1, -1, 5, 6, 2, 0, 0, 0, '-1'),
(84490, 10, 0, -1, -1, 6, 7, 2, 0, 0, 0, '-1'),
(84491, 10, 0, -1, -1, 7, 8, 2, 0, 0, 0, '-1'),
(84492, 10, 0, -1, -1, 8, 9, 2, 0, 0, 0, '-1'),
(84493, 10, 0, -1, -1, 9, 10, 2, 0, 0, 0, '-1'),
(84494, 10, 0, -1, -1, 10, 11, 2, 0, 0, 0, '-1'),
(84495, 10, 0, -1, -1, 11, 12, 2, 0, 0, 0, '-1'),
(84496, 10, 0, 3, 13, 12, 13, 2, 0, 0, 0, '31'),
(84497, 11, 0, -1, -1, 1, 2, 2, 0, 0, 0, '-1'),
(84498, 11, 0, -1, -1, 2, 3, 2, 0, 0, 0, '-1'),
(84499, 11, 0, -1, -1, 3, 4, 2, 0, 0, 0, '-1'),
(84500, 11, 0, -1, -1, 4, 5, 2, 0, 0, 0, '-1'),
(84501, 11, 0, -1, -1, 5, 6, 2, 0, 0, 0, '-1'),
(84502, 11, 0, -1, -1, 6, 7, 2, 0, 0, 0, '-1'),
(84503, 11, 0, -1, -1, 7, 8, 2, 0, 0, 0, '-1'),
(84504, 11, 0, -1, -1, 8, 9, 2, 0, 0, 0, '-1'),
(84505, 11, 0, -1, -1, 9, 10, 2, 0, 0, 0, '-1'),
(84506, 11, 0, -1, -1, 10, 11, 2, 0, 0, 0, '-1'),
(84507, 11, 0, -1, -1, 11, 12, 2, 0, 0, 0, '-1'),
(84508, 11, 0, -1, -1, 12, 13, 2, 0, 0, 0, '-1'),
(84509, 1, 0, -1, -1, 1, 2, 3, 0, 0, 0, '-1'),
(84510, 1, 0, -1, -1, 2, 3, 3, 0, 0, 0, '-1'),
(84511, 1, 0, -1, -1, 3, 4, 3, 0, 0, 0, '-1'),
(84512, 1, 0, -1, -1, 4, 5, 3, 0, 0, 0, '-1'),
(84513, 1, 0, -1, -1, 5, 6, 3, 0, 0, 0, '-1'),
(84514, 1, 0, -1, -1, 6, 7, 3, 0, 0, 0, '-1'),
(84515, 1, 0, -1, -1, 7, 8, 3, 0, 0, 0, '-1'),
(84516, 1, 0, -1, -1, 8, 9, 3, 0, 0, 0, '-1'),
(84517, 1, 0, 15, 13, 9, 10, 3, 0, 0, 0, '23'),
(84518, 1, 0, -1, -1, 10, 11, 3, 0, 0, 0, '-1'),
(84519, 1, 0, -1, -1, 11, 12, 3, 0, 0, 0, '-1'),
(84520, 1, 0, -1, -1, 12, 13, 3, 0, 0, 0, '-1'),
(84521, 2, 0, -1, -1, 1, 2, 3, 0, 0, 0, '-1'),
(84522, 2, 0, -1, -1, 2, 3, 3, 0, 0, 0, '-1'),
(84523, 2, 0, -1, -1, 3, 4, 3, 0, 0, 0, '-1'),
(84524, 2, 0, -1, -1, 4, 5, 3, 0, 0, 0, '-1'),
(84525, 2, 0, -1, -1, 5, 6, 3, 0, 0, 0, '-1'),
(84526, 2, 0, -1, -1, 6, 7, 3, 0, 0, 0, '-1'),
(84527, 2, 0, -1, -1, 7, 8, 3, 0, 0, 0, '-1'),
(84528, 2, 0, -1, -1, 8, 9, 3, 0, 0, 0, '-1'),
(84529, 2, 0, -1, -1, 9, 10, 3, 0, 0, 0, '-1'),
(84530, 2, 0, -1, -1, 10, 11, 3, 0, 0, 0, '-1'),
(84531, 2, 0, -1, -1, 11, 12, 3, 0, 0, 0, '-1'),
(84532, 2, 0, -1, -1, 12, 13, 3, 0, 0, 0, '-1'),
(84533, 3, 0, -1, -1, 1, 2, 3, 0, 0, 0, '-1'),
(84534, 3, 0, -1, -1, 2, 3, 3, 0, 0, 0, '-1'),
(84535, 3, 0, -1, -1, 3, 4, 3, 0, 0, 0, '-1'),
(84536, 3, 0, -1, -1, 4, 5, 3, 0, 0, 0, '-1'),
(84537, 3, 0, -1, -1, 5, 6, 3, 0, 0, 0, '-1'),
(84538, 3, 0, -1, -1, 6, 7, 3, 0, 0, 0, '-1'),
(84539, 3, 0, -1, -1, 7, 8, 3, 0, 0, 0, '-1'),
(84540, 3, 0, -1, -1, 8, 9, 3, 0, 0, 0, '-1'),
(84541, 3, 0, -1, -1, 9, 10, 3, 0, 0, 0, '-1'),
(84542, 3, 0, 7, 7, 10, 11, 3, 0, 0, 0, '6'),
(84543, 3, 0, -1, -1, 11, 12, 3, 0, 0, 0, '-1'),
(84544, 3, 0, -1, -1, 12, 13, 3, 0, 0, 0, '-1'),
(84545, 4, 0, -1, -1, 1, 2, 3, 0, 0, 0, '-1'),
(84546, 4, 0, -1, -1, 2, 3, 3, 0, 0, 0, '-1'),
(84547, 4, 0, -1, -1, 3, 4, 3, 0, 0, 0, '-1'),
(84548, 4, 0, -1, -1, 4, 5, 3, 0, 0, 0, '-1'),
(84549, 4, 0, -1, -1, 5, 6, 3, 0, 0, 0, '-1'),
(84550, 4, 0, -1, -1, 6, 7, 3, 0, 0, 0, '-1'),
(84551, 4, 0, -1, -1, 7, 8, 3, 0, 0, 0, '-1'),
(84552, 4, 0, -1, -1, 8, 9, 3, 0, 0, 0, '-1'),
(84553, 4, 0, -1, -1, 9, 10, 3, 0, 0, 0, '-1'),
(84554, 4, 0, -1, -1, 10, 11, 3, 0, 0, 0, '-1'),
(84555, 4, 0, -1, -1, 11, 12, 3, 0, 0, 0, '-1'),
(84556, 4, 0, -1, -1, 12, 13, 3, 0, 0, 0, '-1'),
(84557, 5, 0, -1, -1, 1, 2, 3, 0, 0, 0, '-1'),
(84558, 5, 0, -1, -1, 2, 3, 3, 0, 0, 0, '-1'),
(84559, 5, 0, -1, -1, 3, 4, 3, 0, 0, 0, '-1'),
(84560, 5, 0, -1, -1, 4, 5, 3, 0, 0, 0, '-1'),
(84561, 5, 0, -1, -1, 5, 6, 3, 0, 0, 0, '-1'),
(84562, 5, 0, -1, -1, 6, 7, 3, 0, 0, 0, '-1'),
(84563, 5, 0, -1, -1, 7, 8, 3, 0, 0, 0, '-1'),
(84564, 5, 0, -1, -1, 8, 9, 3, 0, 0, 0, '-1'),
(84565, 5, 0, -1, -1, 9, 10, 3, 0, 0, 0, '-1'),
(84566, 5, 0, -1, -1, 10, 11, 3, 0, 0, 0, '-1'),
(84567, 5, 0, -1, -1, 11, 12, 3, 0, 0, 0, '-1'),
(84568, 5, 0, -1, -1, 12, 13, 3, 0, 0, 0, '-1'),
(84569, 6, 0, -1, -1, 1, 2, 3, 0, 0, 0, '-1'),
(84570, 6, 0, -1, -1, 2, 3, 3, 0, 0, 0, '-1'),
(84571, 6, 0, -1, -1, 3, 4, 3, 0, 0, 0, '-1'),
(84572, 6, 0, -1, -1, 4, 5, 3, 0, 0, 0, '-1'),
(84573, 6, 0, -1, -1, 5, 6, 3, 0, 0, 0, '-1'),
(84574, 6, 0, -1, -1, 6, 7, 3, 0, 0, 0, '-1'),
(84575, 6, 0, -1, -1, 7, 8, 3, 0, 0, 0, '-1'),
(84576, 6, 0, -1, -1, 8, 9, 3, 0, 0, 0, '-1'),
(84577, 6, 0, -1, -1, 9, 10, 3, 0, 0, 0, '-1'),
(84578, 6, 0, -1, -1, 10, 11, 3, 0, 0, 0, '-1'),
(84579, 6, 0, -1, -1, 11, 12, 3, 0, 0, 0, '-1'),
(84580, 6, 0, -1, -1, 12, 13, 3, 0, 0, 0, '-1'),
(84581, 7, 0, -1, -1, 1, 2, 3, 0, 0, 0, '-1'),
(84582, 7, 0, -1, -1, 2, 3, 3, 0, 0, 0, '-1'),
(84583, 7, 0, -1, -1, 3, 4, 3, 0, 0, 0, '-1'),
(84584, 7, 0, -1, -1, 4, 5, 3, 0, 0, 0, '-1'),
(84585, 7, 0, -1, -1, 5, 6, 3, 0, 0, 0, '-1'),
(84586, 7, 0, -1, -1, 6, 7, 3, 0, 0, 0, '-1'),
(84587, 7, 0, -1, -1, 7, 8, 3, 0, 0, 0, '-1'),
(84588, 7, 0, -1, -1, 8, 9, 3, 0, 0, 0, '-1'),
(84589, 7, 0, -1, -1, 9, 10, 3, 0, 0, 0, '-1'),
(84590, 7, 0, -1, -1, 10, 11, 3, 0, 0, 0, '-1'),
(84591, 7, 0, -1, -1, 11, 12, 3, 0, 0, 0, '-1'),
(84592, 7, 0, -1, -1, 12, 13, 3, 0, 0, 0, '-1'),
(84593, 8, 0, -1, -1, 1, 2, 3, 0, 0, 0, '-1'),
(84594, 8, 0, -1, -1, 2, 3, 3, 0, 0, 0, '-1'),
(84595, 8, 0, -1, -1, 3, 4, 3, 0, 0, 0, '-1'),
(84596, 8, 0, 11, 13, 4, 5, 3, 0, 0, 0, '13'),
(84597, 8, 0, -1, -1, 5, 6, 3, 0, 0, 0, '-1'),
(84598, 8, 0, -1, -1, 6, 7, 3, 0, 0, 0, '-1'),
(84599, 8, 0, -1, -1, 7, 8, 3, 0, 0, 0, '-1'),
(84600, 8, 0, -1, -1, 8, 9, 3, 0, 0, 0, '-1'),
(84601, 8, 0, -1, -1, 9, 10, 3, 0, 0, 0, '-1'),
(84602, 8, 0, -1, -1, 10, 11, 3, 0, 0, 0, '-1'),
(84603, 8, 0, 8, 2, 11, 12, 3, 0, 0, 0, '1'),
(84604, 8, 0, -1, -1, 12, 13, 3, 0, 0, 0, '-1'),
(84605, 9, 0, -1, -1, 1, 2, 3, 0, 0, 0, '-1'),
(84606, 9, 0, -1, -1, 2, 3, 3, 0, 0, 0, '-1'),
(84607, 9, 0, -1, -1, 3, 4, 3, 0, 0, 0, '-1'),
(84608, 9, 0, -1, -1, 4, 5, 3, 0, 0, 0, '-1'),
(84609, 9, 0, -1, -1, 5, 6, 3, 0, 0, 0, '-1'),
(84610, 9, 0, -1, -1, 6, 7, 3, 0, 0, 0, '-1'),
(84611, 9, 0, -1, -1, 7, 8, 3, 0, 0, 0, '-1'),
(84612, 9, 0, -1, -1, 8, 9, 3, 0, 0, 0, '-1'),
(84613, 9, 0, -1, -1, 9, 10, 3, 0, 0, 0, '-1'),
(84614, 9, 0, -1, -1, 10, 11, 3, 0, 0, 0, '-1'),
(84615, 9, 0, -1, -1, 11, 12, 3, 0, 0, 0, '-1'),
(84616, 9, 0, -1, -1, 12, 13, 3, 0, 0, 0, '-1'),
(84617, 10, 0, -1, -1, 1, 2, 3, 0, 0, 0, '-1'),
(84618, 10, 0, -1, -1, 2, 3, 3, 0, 0, 0, '-1'),
(84619, 10, 0, -1, -1, 3, 4, 3, 0, 0, 0, '-1'),
(84620, 10, 0, -1, -1, 4, 5, 3, 0, 0, 0, '-1'),
(84621, 10, 0, -1, -1, 5, 6, 3, 0, 0, 0, '-1'),
(84622, 10, 0, -1, -1, 6, 7, 3, 0, 0, 0, '-1'),
(84623, 10, 0, -1, -1, 7, 8, 3, 0, 0, 0, '-1'),
(84624, 10, 0, -1, -1, 8, 9, 3, 0, 0, 0, '-1'),
(84625, 10, 0, -1, -1, 9, 10, 3, 0, 0, 0, '-1'),
(84626, 10, 0, -1, -1, 10, 11, 3, 0, 0, 0, '-1'),
(84627, 10, 0, -1, -1, 11, 12, 3, 0, 0, 0, '-1'),
(84628, 10, 0, -1, -1, 12, 13, 3, 0, 0, 0, '-1'),
(84629, 11, 0, -1, -1, 1, 2, 3, 0, 0, 0, '-1'),
(84630, 11, 0, -1, -1, 2, 3, 3, 0, 0, 0, '-1'),
(84631, 11, 0, -1, -1, 3, 4, 3, 0, 0, 0, '-1'),
(84632, 11, 0, -1, -1, 4, 5, 3, 0, 0, 0, '-1'),
(84633, 11, 0, -1, -1, 5, 6, 3, 0, 0, 0, '-1'),
(84634, 11, 0, -1, -1, 6, 7, 3, 0, 0, 0, '-1'),
(84635, 11, 0, -1, -1, 7, 8, 3, 0, 0, 0, '-1'),
(84636, 11, 0, -1, -1, 8, 9, 3, 0, 0, 0, '-1'),
(84637, 11, 0, 10, 5, 9, 10, 3, 0, 0, 0, '3'),
(84638, 11, 0, -1, -1, 10, 11, 3, 0, 0, 0, '-1'),
(84639, 11, 0, -1, -1, 11, 12, 3, 0, 0, 0, '-1'),
(84640, 11, 0, -1, -1, 12, 13, 3, 0, 0, 0, '-1'),
(84641, 1, 0, -1, -1, 1, 2, 4, 0, 0, 0, '-1'),
(84642, 1, 0, -1, -1, 2, 3, 4, 0, 0, 0, '-1'),
(84643, 1, 0, -1, -1, 3, 4, 4, 0, 0, 0, '-1'),
(84644, 1, 0, -1, -1, 4, 5, 4, 0, 0, 0, '-1'),
(84645, 1, 0, -1, -1, 5, 6, 4, 0, 0, 0, '-1'),
(84646, 1, 0, -1, -1, 6, 7, 4, 0, 0, 0, '-1'),
(84647, 1, 0, -1, -1, 7, 8, 4, 0, 0, 0, '-1'),
(84648, 1, 0, -1, -1, 8, 9, 4, 0, 0, 0, '-1'),
(84649, 1, 0, -1, -1, 9, 10, 4, 0, 0, 0, '-1'),
(84650, 1, 0, -1, -1, 10, 11, 4, 0, 0, 0, '-1'),
(84651, 1, 0, -1, -1, 11, 12, 4, 0, 0, 0, '-1'),
(84652, 1, 0, 1, 4, 12, 13, 4, 0, 0, 0, '11'),
(84653, 2, 0, -1, -1, 1, 2, 4, 0, 0, 0, '-1'),
(84654, 2, 0, -1, -1, 2, 3, 4, 0, 0, 0, '-1'),
(84655, 2, 0, -1, -1, 3, 4, 4, 0, 0, 0, '-1'),
(84656, 2, 0, -1, -1, 4, 5, 4, 0, 0, 0, '-1'),
(84657, 2, 0, -1, -1, 5, 6, 4, 0, 0, 0, '-1'),
(84658, 2, 0, -1, -1, 6, 7, 4, 0, 0, 0, '-1'),
(84659, 2, 0, -1, -1, 7, 8, 4, 0, 0, 0, '-1'),
(84660, 2, 0, -1, -1, 8, 9, 4, 0, 0, 0, '-1'),
(84661, 2, 0, -1, -1, 9, 10, 4, 0, 0, 0, '-1'),
(84662, 2, 0, -1, -1, 10, 11, 4, 0, 0, 0, '-1'),
(84663, 2, 0, -1, -1, 11, 12, 4, 0, 0, 0, '-1'),
(84664, 2, 0, -1, -1, 12, 13, 4, 0, 0, 0, '-1'),
(84665, 3, 0, -1, -1, 1, 2, 4, 0, 0, 0, '-1'),
(84666, 3, 0, 3, 13, 2, 3, 4, 0, 0, 0, '31'),
(84667, 3, 0, -1, -1, 3, 4, 4, 0, 0, 0, '-1'),
(84668, 3, 0, -1, -1, 4, 5, 4, 0, 0, 0, '-1'),
(84669, 3, 0, -1, -1, 5, 6, 4, 0, 0, 0, '-1'),
(84670, 3, 0, -1, -1, 6, 7, 4, 0, 0, 0, '-1'),
(84671, 3, 0, -1, -1, 7, 8, 4, 0, 0, 0, '-1'),
(84672, 3, 0, -1, -1, 8, 9, 4, 0, 0, 0, '-1'),
(84673, 3, 0, -1, -1, 9, 10, 4, 0, 0, 0, '-1'),
(84674, 3, 0, 10, 5, 10, 11, 4, 0, 0, 0, '3'),
(84675, 3, 0, -1, -1, 11, 12, 4, 0, 0, 0, '-1'),
(84676, 3, 0, -1, -1, 12, 13, 4, 0, 0, 0, '-1'),
(84677, 4, 0, -1, -1, 1, 2, 4, 0, 0, 0, '-1'),
(84678, 4, 0, -1, -1, 2, 3, 4, 0, 0, 0, '-1'),
(84679, 4, 0, -1, -1, 3, 4, 4, 0, 0, 0, '-1'),
(84680, 4, 0, -1, -1, 4, 5, 4, 0, 0, 0, '-1'),
(84681, 4, 0, 15, 13, 5, 6, 4, 0, 0, 0, '23'),
(84682, 4, 0, -1, -1, 6, 7, 4, 0, 0, 0, '-1'),
(84683, 4, 0, -1, -1, 7, 8, 4, 0, 0, 0, '-1'),
(84684, 4, 0, -1, -1, 8, 9, 4, 0, 0, 0, '-1'),
(84685, 4, 0, -1, -1, 9, 10, 4, 0, 0, 0, '-1'),
(84686, 4, 0, -1, -1, 10, 11, 4, 0, 0, 0, '-1'),
(84687, 4, 0, -1, -1, 11, 12, 4, 0, 0, 0, '-1'),
(84688, 4, 0, -1, -1, 12, 13, 4, 0, 0, 0, '-1'),
(84689, 5, 0, -1, -1, 1, 2, 4, 0, 0, 0, '-1'),
(84690, 5, 0, -1, -1, 2, 3, 4, 0, 0, 0, '-1'),
(84691, 5, 0, -1, -1, 3, 4, 4, 0, 0, 0, '-1'),
(84692, 5, 0, -1, -1, 4, 5, 4, 0, 0, 0, '-1'),
(84693, 5, 0, -1, -1, 5, 6, 4, 0, 0, 0, '-1'),
(84694, 5, 0, -1, -1, 6, 7, 4, 0, 0, 0, '-1'),
(84695, 5, 0, -1, -1, 7, 8, 4, 0, 0, 0, '-1'),
(84696, 5, 0, -1, -1, 8, 9, 4, 0, 0, 0, '-1'),
(84697, 5, 0, -1, -1, 9, 10, 4, 0, 0, 0, '-1'),
(84698, 5, 0, -1, -1, 10, 11, 4, 0, 0, 0, '-1'),
(84699, 5, 0, -1, -1, 11, 12, 4, 0, 0, 0, '-1'),
(84700, 5, 0, -1, -1, 12, 13, 4, 0, 0, 0, '-1'),
(84701, 6, 0, -1, -1, 1, 2, 4, 0, 0, 0, '-1'),
(84702, 6, 0, -1, -1, 2, 3, 4, 0, 0, 0, '-1'),
(84703, 6, 0, -1, -1, 3, 4, 4, 0, 0, 0, '-1'),
(84704, 6, 0, -1, -1, 4, 5, 4, 0, 0, 0, '-1'),
(84705, 6, 0, -1, -1, 5, 6, 4, 0, 0, 0, '-1'),
(84706, 6, 0, -1, -1, 6, 7, 4, 0, 0, 0, '-1'),
(84707, 6, 0, -1, -1, 7, 8, 4, 0, 0, 0, '-1'),
(84708, 6, 0, -1, -1, 8, 9, 4, 0, 0, 0, '-1'),
(84709, 6, 0, -1, -1, 9, 10, 4, 0, 0, 0, '-1'),
(84710, 6, 0, -1, -1, 10, 11, 4, 0, 0, 0, '-1'),
(84711, 6, 0, -1, -1, 11, 12, 4, 0, 0, 0, '-1'),
(84712, 6, 0, -1, -1, 12, 13, 4, 0, 0, 0, '-1'),
(84713, 7, 0, -1, -1, 1, 2, 4, 0, 0, 0, '-1'),
(84714, 7, 0, -1, -1, 2, 3, 4, 0, 0, 0, '-1'),
(84715, 7, 0, -1, -1, 3, 4, 4, 0, 0, 0, '-1'),
(84716, 7, 0, 5, 15, 4, 5, 4, 0, 0, 0, '12'),
(84717, 7, 0, -1, -1, 5, 6, 4, 0, 0, 0, '-1'),
(84718, 7, 0, -1, -1, 6, 7, 4, 0, 0, 0, '-1'),
(84719, 7, 0, -1, -1, 7, 8, 4, 0, 0, 0, '-1'),
(84720, 7, 0, -1, -1, 8, 9, 4, 0, 0, 0, '-1'),
(84721, 7, 0, -1, -1, 9, 10, 4, 0, 0, 0, '-1'),
(84722, 7, 0, -1, -1, 10, 11, 4, 0, 0, 0, '-1'),
(84723, 7, 0, -1, -1, 11, 12, 4, 0, 0, 0, '-1'),
(84724, 7, 0, -1, -1, 12, 13, 4, 0, 0, 0, '-1'),
(84725, 8, 0, -1, -1, 1, 2, 4, 0, 0, 0, '-1'),
(84726, 8, 0, -1, -1, 2, 3, 4, 0, 0, 0, '-1'),
(84727, 8, 0, -1, -1, 3, 4, 4, 0, 0, 0, '-1'),
(84728, 8, 0, -1, -1, 4, 5, 4, 0, 0, 0, '-1'),
(84729, 8, 0, -1, -1, 5, 6, 4, 0, 0, 0, '-1'),
(84730, 8, 0, -1, -1, 6, 7, 4, 0, 0, 0, '-1'),
(84731, 8, 0, -1, -1, 7, 8, 4, 0, 0, 0, '-1'),
(84732, 8, 0, -1, -1, 8, 9, 4, 0, 0, 0, '-1'),
(84733, 8, 0, -1, -1, 9, 10, 4, 0, 0, 0, '-1'),
(84734, 8, 0, 13, 15, 10, 11, 4, 0, 0, 0, '22'),
(84735, 8, 0, -1, -1, 11, 12, 4, 0, 0, 0, '-1'),
(84736, 8, 0, -1, -1, 12, 13, 4, 0, 0, 0, '-1'),
(84737, 9, 0, -1, -1, 1, 2, 4, 0, 0, 0, '-1'),
(84738, 9, 0, -1, -1, 2, 3, 4, 0, 0, 0, '-1'),
(84739, 9, 0, -1, -1, 3, 4, 4, 0, 0, 0, '-1'),
(84740, 9, 0, -1, -1, 4, 5, 4, 0, 0, 0, '-1'),
(84741, 9, 0, -1, -1, 5, 6, 4, 0, 0, 0, '-1'),
(84742, 9, 0, -1, -1, 6, 7, 4, 0, 0, 0, '-1'),
(84743, 9, 0, -1, -1, 7, 8, 4, 0, 0, 0, '-1'),
(84744, 9, 0, -1, -1, 8, 9, 4, 0, 0, 0, '-1'),
(84745, 9, 0, -1, -1, 9, 10, 4, 0, 0, 0, '-1'),
(84746, 9, 0, -1, -1, 10, 11, 4, 0, 0, 0, '-1'),
(84747, 9, 0, -1, -1, 11, 12, 4, 0, 0, 0, '-1'),
(84748, 9, 0, -1, -1, 12, 13, 4, 0, 0, 0, '-1'),
(84749, 10, 0, 10, 5, 1, 2, 4, 0, 0, 0, '3'),
(84750, 10, 0, -1, -1, 2, 3, 4, 0, 0, 0, '-1'),
(84751, 10, 0, -1, -1, 3, 4, 4, 0, 0, 0, '-1'),
(84752, 10, 0, -1, -1, 4, 5, 4, 0, 0, 0, '-1'),
(84753, 10, 0, -1, -1, 5, 6, 4, 0, 0, 0, '-1'),
(84754, 10, 0, -1, -1, 6, 7, 4, 0, 0, 0, '-1'),
(84755, 10, 0, -1, -1, 7, 8, 4, 0, 0, 0, '-1'),
(84756, 10, 0, -1, -1, 8, 9, 4, 0, 0, 0, '-1'),
(84757, 10, 0, -1, -1, 9, 10, 4, 0, 0, 0, '-1'),
(84758, 10, 0, -1, -1, 10, 11, 4, 0, 0, 0, '-1'),
(84759, 10, 0, -1, -1, 11, 12, 4, 0, 0, 0, '-1'),
(84760, 10, 0, -1, -1, 12, 13, 4, 0, 0, 0, '-1'),
(84761, 11, 0, 14, 14, 1, 2, 4, 0, 0, 0, '24'),
(84762, 11, 0, -1, -1, 2, 3, 4, 0, 0, 0, '-1'),
(84763, 11, 0, -1, -1, 3, 4, 4, 0, 0, 0, '-1'),
(84764, 11, 0, -1, -1, 4, 5, 4, 0, 0, 0, '-1'),
(84765, 11, 0, -1, -1, 5, 6, 4, 0, 0, 0, '-1'),
(84766, 11, 0, -1, -1, 6, 7, 4, 0, 0, 0, '-1'),
(84767, 11, 0, -1, -1, 7, 8, 4, 0, 0, 0, '-1'),
(84768, 11, 0, -1, -1, 8, 9, 4, 0, 0, 0, '-1'),
(84769, 11, 0, -1, -1, 9, 10, 4, 0, 0, 0, '-1'),
(84770, 11, 0, -1, -1, 10, 11, 4, 0, 0, 0, '-1'),
(84771, 11, 0, -1, -1, 11, 12, 4, 0, 0, 0, '-1'),
(84772, 11, 0, -1, -1, 12, 13, 4, 0, 0, 0, '-1'),
(84773, 1, 0, -1, -1, 1, 2, 5, 0, 0, 0, '-1'),
(84774, 1, 0, -1, -1, 2, 3, 5, 0, 0, 0, '-1'),
(84775, 1, 0, -1, -1, 3, 4, 5, 0, 0, 0, '-1'),
(84776, 1, 0, -1, -1, 4, 5, 5, 0, 0, 0, '-1'),
(84777, 1, 0, -1, -1, 5, 6, 5, 0, 0, 0, '-1'),
(84778, 1, 0, -1, -1, 6, 7, 5, 0, 0, 0, '-1'),
(84779, 1, 0, -1, -1, 7, 8, 5, 0, 0, 0, '-1'),
(84780, 1, 0, -1, -1, 8, 9, 5, 0, 0, 0, '-1'),
(84781, 1, 0, -1, -1, 9, 10, 5, 0, 0, 0, '-1'),
(84782, 1, 0, -1, -1, 10, 11, 5, 0, 0, 0, '-1'),
(84783, 1, 0, -1, -1, 11, 12, 5, 0, 0, 0, '-1'),
(84784, 1, 0, -1, -1, 12, 13, 5, 0, 0, 0, '-1'),
(84785, 2, 0, -1, -1, 1, 2, 5, 0, 0, 0, '-1'),
(84786, 2, 0, -1, -1, 2, 3, 5, 0, 0, 0, '-1'),
(84787, 2, 0, 14, 14, 3, 4, 5, 0, 0, 0, '24'),
(84788, 2, 0, -1, -1, 4, 5, 5, 0, 0, 0, '-1'),
(84789, 2, 0, -1, -1, 5, 6, 5, 0, 0, 0, '-1'),
(84790, 2, 0, -1, -1, 6, 7, 5, 0, 0, 0, '-1'),
(84791, 2, 0, -1, -1, 7, 8, 5, 0, 0, 0, '-1'),
(84792, 2, 0, -1, -1, 8, 9, 5, 0, 0, 0, '-1'),
(84793, 2, 0, -1, -1, 9, 10, 5, 0, 0, 0, '-1'),
(84794, 2, 0, 1, 4, 10, 11, 5, 0, 0, 0, '11'),
(84795, 2, 0, -1, -1, 11, 12, 5, 0, 0, 0, '-1'),
(84796, 2, 0, -1, -1, 12, 13, 5, 0, 0, 0, '-1'),
(84797, 3, 0, -1, -1, 1, 2, 5, 0, 0, 0, '-1'),
(84798, 3, 0, -1, -1, 2, 3, 5, 0, 0, 0, '-1'),
(84799, 3, 0, -1, -1, 3, 4, 5, 0, 0, 0, '-1'),
(84800, 3, 0, -1, -1, 4, 5, 5, 0, 0, 0, '-1'),
(84801, 3, 0, -1, -1, 5, 6, 5, 0, 0, 0, '-1'),
(84802, 3, 0, -1, -1, 6, 7, 5, 0, 0, 0, '-1'),
(84803, 3, 0, -1, -1, 7, 8, 5, 0, 0, 0, '-1'),
(84804, 3, 0, -1, -1, 8, 9, 5, 0, 0, 0, '-1'),
(84805, 3, 0, -1, -1, 9, 10, 5, 0, 0, 0, '-1'),
(84806, 3, 0, -1, -1, 10, 11, 5, 0, 0, 0, '-1'),
(84807, 3, 0, -1, -1, 11, 12, 5, 0, 0, 0, '-1'),
(84808, 3, 0, -1, -1, 12, 13, 5, 0, 0, 0, '-1'),
(84809, 4, 0, -1, -1, 1, 2, 5, 0, 0, 0, '-1'),
(84810, 4, 0, 10, 5, 2, 3, 5, 0, 0, 0, '3'),
(84811, 4, 0, -1, -1, 3, 4, 5, 0, 0, 0, '-1'),
(84812, 4, 0, -1, -1, 4, 5, 5, 0, 0, 0, '-1'),
(84813, 4, 0, -1, -1, 5, 6, 5, 0, 0, 0, '-1'),
(84814, 4, 0, -1, -1, 6, 7, 5, 0, 0, 0, '-1'),
(84815, 4, 0, -1, -1, 7, 8, 5, 0, 0, 0, '-1'),
(84816, 4, 0, -1, -1, 8, 9, 5, 0, 0, 0, '-1'),
(84817, 4, 0, -1, -1, 9, 10, 5, 0, 0, 0, '-1'),
(84818, 4, 0, -1, -1, 10, 11, 5, 0, 0, 0, '-1'),
(84819, 4, 0, -1, -1, 11, 12, 5, 0, 0, 0, '-1'),
(84820, 4, 0, -1, -1, 12, 13, 5, 0, 0, 0, '-1'),
(84821, 5, 0, -1, -1, 1, 2, 5, 0, 0, 0, '-1'),
(84822, 5, 0, -1, -1, 2, 3, 5, 0, 0, 0, '-1'),
(84823, 5, 0, -1, -1, 3, 4, 5, 0, 0, 0, '-1'),
(84824, 5, 0, -1, -1, 4, 5, 5, 0, 0, 0, '-1'),
(84825, 5, 0, 11, 13, 5, 6, 5, 0, 0, 0, '13'),
(84826, 5, 0, -1, -1, 6, 7, 5, 0, 0, 0, '-1'),
(84827, 5, 0, -1, -1, 7, 8, 5, 0, 0, 0, '-1'),
(84828, 5, 0, 3, 13, 8, 9, 5, 0, 0, 0, '31'),
(84829, 5, 0, -1, -1, 9, 10, 5, 0, 0, 0, '-1'),
(84830, 5, 0, -1, -1, 10, 11, 5, 0, 0, 0, '-1'),
(84831, 5, 0, -1, -1, 11, 12, 5, 0, 0, 0, '-1'),
(84832, 5, 0, 1, 4, 12, 13, 5, 0, 0, 0, '11'),
(84833, 6, 0, -1, -1, 1, 2, 5, 0, 0, 0, '-1'),
(84834, 6, 0, -1, -1, 2, 3, 5, 0, 0, 0, '-1'),
(84835, 6, 0, -1, -1, 3, 4, 5, 0, 0, 0, '-1'),
(84836, 6, 0, -1, -1, 4, 5, 5, 0, 0, 0, '-1'),
(84837, 6, 0, -1, -1, 5, 6, 5, 0, 0, 0, '-1'),
(84838, 6, 0, -1, -1, 6, 7, 5, 0, 0, 0, '-1'),
(84839, 6, 0, -1, -1, 7, 8, 5, 0, 0, 0, '-1'),
(84840, 6, 0, -1, -1, 8, 9, 5, 0, 0, 0, '-1'),
(84841, 6, 0, -1, -1, 9, 10, 5, 0, 0, 0, '-1'),
(84842, 6, 0, -1, -1, 10, 11, 5, 0, 0, 0, '-1'),
(84843, 6, 0, -1, -1, 11, 12, 5, 0, 0, 0, '-1'),
(84844, 6, 0, -1, -1, 12, 13, 5, 0, 0, 0, '-1'),
(84845, 7, 0, -1, -1, 1, 2, 5, 0, 0, 0, '-1'),
(84846, 7, 0, -1, -1, 2, 3, 5, 0, 0, 0, '-1'),
(84847, 7, 0, -1, -1, 3, 4, 5, 0, 0, 0, '-1'),
(84848, 7, 0, -1, -1, 4, 5, 5, 0, 0, 0, '-1'),
(84849, 7, 0, -1, -1, 5, 6, 5, 0, 0, 0, '-1'),
(84850, 7, 0, 11, 13, 6, 7, 5, 0, 0, 0, '13'),
(84851, 7, 0, -1, -1, 7, 8, 5, 0, 0, 0, '-1'),
(84852, 7, 0, -1, -1, 8, 9, 5, 0, 0, 0, '-1'),
(84853, 7, 0, -1, -1, 9, 10, 5, 0, 0, 0, '-1'),
(84854, 7, 0, -1, -1, 10, 11, 5, 0, 0, 0, '-1'),
(84855, 7, 0, -1, -1, 11, 12, 5, 0, 0, 0, '-1'),
(84856, 7, 0, -1, -1, 12, 13, 5, 0, 0, 0, '-1'),
(84857, 8, 0, -1, -1, 1, 2, 5, 0, 0, 0, '-1'),
(84858, 8, 0, -1, -1, 2, 3, 5, 0, 0, 0, '-1'),
(84859, 8, 0, -1, -1, 3, 4, 5, 0, 0, 0, '-1'),
(84860, 8, 0, -1, -1, 4, 5, 5, 0, 0, 0, '-1'),
(84861, 8, 0, -1, -1, 5, 6, 5, 0, 0, 0, '-1'),
(84862, 8, 0, -1, -1, 6, 7, 5, 0, 0, 0, '-1'),
(84863, 8, 0, -1, -1, 7, 8, 5, 0, 0, 0, '-1'),
(84864, 8, 0, -1, -1, 8, 9, 5, 0, 0, 0, '-1'),
(84865, 8, 0, -1, -1, 9, 10, 5, 0, 0, 0, '-1'),
(84866, 8, 0, -1, -1, 10, 11, 5, 0, 0, 0, '-1'),
(84867, 8, 0, -1, -1, 11, 12, 5, 0, 0, 0, '-1'),
(84868, 8, 0, -1, -1, 12, 13, 5, 0, 0, 0, '-1'),
(84869, 9, 0, -1, -1, 1, 2, 5, 0, 0, 0, '-1'),
(84870, 9, 0, -1, -1, 2, 3, 5, 0, 0, 0, '-1'),
(84871, 9, 0, -1, -1, 3, 4, 5, 0, 0, 0, '-1'),
(84872, 9, 0, -1, -1, 4, 5, 5, 0, 0, 0, '-1'),
(84873, 9, 0, -1, -1, 5, 6, 5, 0, 0, 0, '-1'),
(84874, 9, 0, -1, -1, 6, 7, 5, 0, 0, 0, '-1'),
(84875, 9, 0, -1, -1, 7, 8, 5, 0, 0, 0, '-1'),
(84876, 9, 0, -1, -1, 8, 9, 5, 0, 0, 0, '-1'),
(84877, 9, 0, 4, 14, 9, 10, 5, 0, 0, 0, '31'),
(84878, 9, 0, -1, -1, 10, 11, 5, 0, 0, 0, '-1'),
(84879, 9, 0, -1, -1, 11, 12, 5, 0, 0, 0, '-1'),
(84880, 9, 0, -1, -1, 12, 13, 5, 0, 0, 0, '-1'),
(84881, 10, 0, -1, -1, 1, 2, 5, 0, 0, 0, '-1'),
(84882, 10, 0, -1, -1, 2, 3, 5, 0, 0, 0, '-1'),
(84883, 10, 0, -1, -1, 3, 4, 5, 0, 0, 0, '-1'),
(84884, 10, 0, -1, -1, 4, 5, 5, 0, 0, 0, '-1'),
(84885, 10, 0, -1, -1, 5, 6, 5, 0, 0, 0, '-1'),
(84886, 10, 0, -1, -1, 6, 7, 5, 0, 0, 0, '-1'),
(84887, 10, 0, -1, -1, 7, 8, 5, 0, 0, 0, '-1'),
(84888, 10, 0, -1, -1, 8, 9, 5, 0, 0, 0, '-1'),
(84889, 10, 0, -1, -1, 9, 10, 5, 0, 0, 0, '-1'),
(84890, 10, 0, -1, -1, 10, 11, 5, 0, 0, 0, '-1'),
(84891, 10, 0, -1, -1, 11, 12, 5, 0, 0, 0, '-1'),
(84892, 10, 0, -1, -1, 12, 13, 5, 0, 0, 0, '-1'),
(84893, 11, 0, -1, -1, 1, 2, 5, 0, 0, 0, '-1'),
(84894, 11, 0, -1, -1, 2, 3, 5, 0, 0, 0, '-1'),
(84895, 11, 0, -1, -1, 3, 4, 5, 0, 0, 0, '-1'),
(84896, 11, 0, -1, -1, 4, 5, 5, 0, 0, 0, '-1'),
(84897, 11, 0, -1, -1, 5, 6, 5, 0, 0, 0, '-1'),
(84898, 11, 0, -1, -1, 6, 7, 5, 0, 0, 0, '-1'),
(84899, 11, 0, -1, -1, 7, 8, 5, 0, 0, 0, '-1'),
(84900, 11, 0, -1, -1, 8, 9, 5, 0, 0, 0, '-1'),
(84901, 11, 0, -1, -1, 9, 10, 5, 0, 0, 0, '-1'),
(84902, 11, 0, -1, -1, 10, 11, 5, 0, 0, 0, '-1'),
(84903, 11, 0, 13, 15, 11, 12, 5, 0, 0, 0, '22'),
(84904, 11, 0, -1, -1, 12, 13, 5, 0, 0, 0, '-1');

-- --------------------------------------------------------

--
-- Table structure for table `school_yr`
--

CREATE TABLE `school_yr` (
  `year_id` int(10) NOT NULL,
  `school_year` varchar(20) NOT NULL
) ENGINE=InnoDB DEFAULT CHARSET=latin1;

--
-- Dumping data for table `school_yr`
--

INSERT INTO `school_yr` (`year_id`, `school_year`) VALUES
(1, '2009-2010'),
(3, '2010-2011'),
(4, '2011-2012'),
(5, '2012-2013'),
(6, '2015-2016');

-- --------------------------------------------------------

--
-- Table structure for table `sem`
--

CREATE TABLE `sem` (
  `sem_id` int(2) NOT NULL,
  `semester` varchar(20) NOT NULL
) ENGINE=InnoDB DEFAULT CHARSET=latin1;

--
-- Dumping data for table `sem`
--

INSERT INTO `sem` (`sem_id`, `semester`) VALUES
(1, 'First Semester'),
(2, 'Second Semester');

-- --------------------------------------------------------

--
-- Table structure for table `subjects`
--

CREATE TABLE `subjects` (
  `sub_id` int(10) NOT NULL,
  `sub_code` varchar(20) NOT NULL,
  `sub_name` varchar(50) NOT NULL,
  `sub_labhrsprday` tinyint(2) NOT NULL,
  `sub_lechrsprday` tinyint(2) NOT NULL,
  `subcat_id` tinyint(4) NOT NULL,
  `cys` varchar(50) NOT NULL,
  `isNKN` int(20) NOT NULL DEFAULT '0',
  `sem_id` tinyint(2) NOT NULL,
  `dept_id` int(4) NOT NULL,
  `instructor` varchar(50) NOT NULL,
  `group_id` int(5) NOT NULL
) ENGINE=InnoDB DEFAULT CHARSET=latin1;

--
-- Dumping data for table `subjects`
--

INSERT INTO `subjects` (`sub_id`, `sub_code`, `sub_name`, `sub_labhrsprday`, `sub_lechrsprday`, `subcat_id`, `cys`, `isNKN`, `sem_id`, `dept_id`, `instructor`, `group_id`) VALUES
(1, 'CS111', 'PDS', 0, 3, 0, 'something', 0, 1, 1, '4', 11),
(2, 'CS112', 'Discrete Maths', 1, 1, 1, '31', 0, 1, 4, '12', 41),
(3, 'HS111', 'Philippine Government, Politics and Constitution', 3, 3, 1, '13', 1, 1, 3, '13', 31),
(4, 'HS112', 'Humanities', 3, 3, 2, '13', 0, 1, 3, '14', 31),
(5, 'CS229', 'BTP', 1, 3, 2, '0', 0, 2, 1, '15', 12),
(6, 'SS111', 'Structure', 3, 3, 1, '8', 0, 1, 2, '16', 21),
(7, 'CS621', 'Executive Information System', 3, 3, 1, '6', 1, 1, 3, '7', 36),
(8, 'MA111', 'College Algebra', 1, 1, 2, '18', 0, 1, 4, '2', 41),
(9, 'CS223', 'Software Engineering', 3, 3, 1, '6', 0, 1, 1, '1', 12),
(10, 'ME311', 'Practicum', 5, 5, 1, '6', 1, 1, 3, '5', 33),
(11, 'SS321', 'System Project', 5, 5, 1, '6', 0, 1, 1, '13', 13),
(12, 'EE211', 'Ind Techno 3', 2, 1, 1, '31', 0, 1, 2, '16', 22),
(13, 'CS222', 'Personal Productivity using IS', 3, 2, 1, '40', 0, 1, 2, '15', 22),
(14, 'SS411', 'Systems infra and integration	', 0, 3, 1, '40', 0, 1, 2, '14', 24),
(15, 'CS312', 'DBMS	', 3, 2, 1, '42', 0, 1, 2, '13', 23),
(16, 'CS413', 'Multimedia Authoring	', 3, 2, 1, '44', 1, 1, 2, '', 24),
(17, 'CS314', 'IS Programming 1', 3, 2, 1, '44', 0, 1, 2, '12', 23),
(18, 'MA211', 'Mathematical Analysis	', 0, 3, 1, '44', 0, 1, 2, '11', 22),
(19, 'MA311', 'Fundamentals of Accounting 1		', 0, 6, 1, '43', 0, 1, 2, '10', 23),
(20, 'SS421', 'Project Management and Quality Systems	', 0, 3, 1, '44', 1, 1, 2, '9', 24),
(21, 'ME211', 'Maintenance and Services', 0, 3, 1, '45', 0, 1, 2, '8', 22),
(22, 'HS421', 'Evaluation of Business Performance	', 0, 3, 1, '46', 0, 1, 2, '7', 24),
(23, 'HS311', 'IS Elective2', 0, 5, 1, '44', 1, 1, 2, '6', 23),
(24, 'CS311', 'Operating System	', 3, 2, 1, '46', 0, 1, 2, '5', 23),
(25, 'EE411', 'Capstone Project', 0, 3, 1, '45', 0, 1, 2, '4', 24),
(26, 'EE422	', 'IS Elective4 (Effective Serial Comm.)', 0, 3, 1, '47', 1, 1, 2, '3', 24),
(27, 'HS511', 'Introduction to the IM Profession and Ethics', 0, 3, 1, '49', 0, 1, 2, '2', 25),
(28, 'MA121', 'Calculus & Real Analysis', 0, 4, 1, '23', 1, 1, 3, '1', 32);

-- --------------------------------------------------------

--
-- Table structure for table `sub_category`
--

CREATE TABLE `sub_category` (
  `subcat_id` tinyint(2) NOT NULL,
  `sub_cat` varchar(20) NOT NULL
) ENGINE=InnoDB DEFAULT CHARSET=latin1;

--
-- Dumping data for table `sub_category`
--

INSERT INTO `sub_category` (`subcat_id`, `sub_cat`) VALUES
(1, 'Major'),
(2, 'Minor');

-- --------------------------------------------------------

--
-- Table structure for table `timestart`
--

CREATE TABLE `timestart` (
  `time_s_id` int(10) NOT NULL,
  `time_s` varchar(20) NOT NULL
) ENGINE=InnoDB DEFAULT CHARSET=latin1;

--
-- Dumping data for table `timestart`
--

INSERT INTO `timestart` (`time_s_id`, `time_s`) VALUES
(1, '08:00 am'),
(2, '09:00 am'),
(3, '10:00 am'),
(4, '11:00 am'),
(5, '12:00 pm'),
(6, '01:00 pm'),
(7, '02:00 pm'),
(8, '03:00 pm'),
(9, '04:00 pm'),
(10, '05:00 pm'),
(11, '06:00 pm'),
(12, '07:00 pm'),
(13, '08:00 pm');

-- --------------------------------------------------------

--
-- Table structure for table `user`
--

CREATE TABLE `user` (
  `user_id` int(12) NOT NULL,
  `username` varchar(30) NOT NULL,
  `userpass` varchar(20) NOT NULL,
  `dept_id` tinyint(4) NOT NULL,
  `year` int(10) NOT NULL
) ENGINE=InnoDB DEFAULT CHARSET=latin1;

--
-- Dumping data for table `user`
--

INSERT INTO `user` (`user_id`, `username`, `userpass`, `dept_id`, `year`) VALUES
(1, 'admin', 'a', 4, 0),
(7, 'student', 'stud', 2, 1),
(8, 'faculty', 'fac', 1, 0),
(9, 'sas', 'sas', 3, 2),
(10, 'deancit', 'd', 4, 3),
(11, 'deaneduc', 'd', 4, 4),
(12, 'deansas', 'd', 3, 1),
(13, 'staff', 'staff', 4, 2),
(14, 'local', 'local', 4, 3),
(15, 'local', 'local', 1, 4),
(16, 'abc', 'abc', 2, 1),
(17, 'user1', 'user1', 1, 2),
(18, 'avinash', 'av', 1, 3);

--
-- Indexes for dumped tables
--

--
-- Indexes for table `course`
--
ALTER TABLE `course`
  ADD PRIMARY KEY (`course_id`);

--
-- Indexes for table `day`
--
ALTER TABLE `day`
  ADD PRIMARY KEY (`day_id`);

--
-- Indexes for table `dept`
--
ALTER TABLE `dept`
  ADD PRIMARY KEY (`dept_id`);

--
-- Indexes for table `profile`
--
ALTER TABLE `profile`
  ADD PRIMARY KEY (`teacher_id`);

--
-- Indexes for table `room`
--
ALTER TABLE `room`
  ADD PRIMARY KEY (`room_id`);

--
-- Indexes for table `sched`
--
ALTER TABLE `sched`
  ADD PRIMARY KEY (`sched_id`);

--
-- Indexes for table `school_yr`
--
ALTER TABLE `school_yr`
  ADD PRIMARY KEY (`year_id`);

--
-- Indexes for table `sem`
--
ALTER TABLE `sem`
  ADD PRIMARY KEY (`sem_id`);

--
-- Indexes for table `subjects`
--
ALTER TABLE `subjects`
  ADD PRIMARY KEY (`sub_id`);

--
-- Indexes for table `sub_category`
--
ALTER TABLE `sub_category`
  ADD PRIMARY KEY (`subcat_id`);

--
-- Indexes for table `timestart`
--
ALTER TABLE `timestart`
  ADD PRIMARY KEY (`time_s_id`);

--
-- Indexes for table `user`
--
ALTER TABLE `user`
  ADD PRIMARY KEY (`user_id`);

--
-- AUTO_INCREMENT for dumped tables
--

--
-- AUTO_INCREMENT for table `course`
--
ALTER TABLE `course`
  MODIFY `course_id` int(10) NOT NULL AUTO_INCREMENT, AUTO_INCREMENT=49;
--
-- AUTO_INCREMENT for table `day`
--
ALTER TABLE `day`
  MODIFY `day_id` int(10) NOT NULL AUTO_INCREMENT, AUTO_INCREMENT=6;
--
-- AUTO_INCREMENT for table `dept`
--
ALTER TABLE `dept`
  MODIFY `dept_id` tinyint(5) NOT NULL AUTO_INCREMENT, AUTO_INCREMENT=7;
--
-- AUTO_INCREMENT for table `profile`
--
ALTER TABLE `profile`
  MODIFY `teacher_id` int(5) NOT NULL AUTO_INCREMENT, AUTO_INCREMENT=17;
--
-- AUTO_INCREMENT for table `room`
--
ALTER TABLE `room`
  MODIFY `room_id` int(10) NOT NULL AUTO_INCREMENT, AUTO_INCREMENT=14;
--
-- AUTO_INCREMENT for table `sched`
--
ALTER TABLE `sched`
  MODIFY `sched_id` int(10) NOT NULL AUTO_INCREMENT, AUTO_INCREMENT=84905;
--
-- AUTO_INCREMENT for table `school_yr`
--
ALTER TABLE `school_yr`
  MODIFY `year_id` int(10) NOT NULL AUTO_INCREMENT, AUTO_INCREMENT=7;
--
-- AUTO_INCREMENT for table `sem`
--
ALTER TABLE `sem`
  MODIFY `sem_id` int(2) NOT NULL AUTO_INCREMENT, AUTO_INCREMENT=3;
--
-- AUTO_INCREMENT for table `subjects`
--
ALTER TABLE `subjects`
  MODIFY `sub_id` int(10) NOT NULL AUTO_INCREMENT, AUTO_INCREMENT=29;
--
-- AUTO_INCREMENT for table `sub_category`
--
ALTER TABLE `sub_category`
  MODIFY `subcat_id` tinyint(2) NOT NULL AUTO_INCREMENT, AUTO_INCREMENT=3;
--
-- AUTO_INCREMENT for table `timestart`
--
ALTER TABLE `timestart`
  MODIFY `time_s_id` int(10) NOT NULL AUTO_INCREMENT, AUTO_INCREMENT=14;
--
-- AUTO_INCREMENT for table `user`
--
ALTER TABLE `user`
  MODIFY `user_id` int(12) NOT NULL AUTO_INCREMENT, AUTO_INCREMENT=19;
/*!40101 SET CHARACTER_SET_CLIENT=@OLD_CHARACTER_SET_CLIENT */;
/*!40101 SET CHARACTER_SET_RESULTS=@OLD_CHARACTER_SET_RESULTS */;
/*!40101 SET COLLATION_CONNECTION=@OLD_COLLATION_CONNECTION */;
